{
  "BTC": {
    "ap": 0.24286900708280026,
    "ll": 0.7586148577751561,
    "brier": 0.2816596337124195
  },
  "ETH": {
    "ap": 0.2642306983988079,
    "ll": 0.831343438264516,
    "brier": 0.3123674341943465
  },
  "SOL": {
    "ap": 0.5236473636506965,
    "ll": 0.806350979403567,
    "brier": 0.29284960000678534
  }
}