{
  "BTC": {
    "ap": 0.2293141841333016,
    "ll": 0.7165570133111763,
    "brier": 0.2614388361413832
  },
  "ETH": {
    "ap": 0.2735673423564221,
    "ll": 0.7822961689453446,
    "brier": 0.2924208056789386
  },
  "SOL": {
    "ap": 0.5365631387668629,
    "ll": 0.8038422546975775,
    "brier": 0.2915916783692256
  }
}